{"Puerto Rico": [651.8830071181983, 0.33048566382202577, "04/13/20"], "Grand Princess": [109.62844746316705, 0.3892735450745207, "04/04/20"], "New Jersey": [51914.06180798734, 0.2996770675926043, "04/14/20"], "California": [24652.51713555435, 0.22048131676230606, "04/20/20"], "Maryland": [6429.562780071716, 0.2643791482247502, "04/18/20"], "New Mexico": [2691.631082736809, 0.20072283311988343, "04/29/20"], "New York": [157452.52870145897, 0.24970614501610217, "04/15/20"], "North Dakota": [280.8115488363474, 0.24176602841348266, "04/16/20"], "Oklahoma": [1755.9599662675078, 0.2964621135001756, "04/14/20"], "Oregon": [1273.174197891191, 0.23968717467492623, "04/15/20"], "West Virginia": [429.3992445921091, 0.3045550376099114, "04/14/20"], "Illinois": [16932.157915933112, 0.25744797759999316, "04/17/20"], "Delaware": [3277.9843089357073, 0.19686368259773063, "05/01/20"], "Florida": [16871.68370021341, 0.29577365979581327, "04/14/20"], "Washington": [11541.176500335, 0.17239113745780138, "04/23/20"], "Northern Mariana Islands": [5.999190434581287, 3.1910770817295475, "04/29/20"], "Alabama": [2578.0763424621327, 0.24347108944484208, "04/17/20"], "Nevada": [2247.4319012324386, 0.28879169930955306, "04/13/20"], "Nebraska": [2450.641099528082, 0.1783882928692192, "05/06/20"], "American Samoa": [1.493835522581543e-05, 0.13715504329656936, "06/19/20"], "Rhode Island": [1745.3180440883696, 0.24695734998882352, "04/19/20"], "Arizona": [3588.68739247326, 0.27228775247131437, "04/16/20"], "Michigan": [22545.44438592172, 0.29180598039832095, "04/15/20"], "Georgia": [8818.693763477535, 0.28207693020580965, "04/14/20"], "New Hampshire": [2481.273178796286, 0.18404528950986326, "05/01/20"], "Virgin Islands": [99.32848525037747, 0.1772689335489433, "04/28/20"], "Mississippi": [2158.9915288631564, 0.24653132160805225, "04/16/20"], "Vermont": [747.1676784141634, 0.22398520876659977, "04/19/20"], "Idaho": [1271.4663409241234, 0.3996669993898133, "04/10/20"], "Connecticut": [9128.567870373383, 0.2849594582601312, "04/16/20"], "Diamond Princess": [48.907422122495916, 1.7619617487630066, "03/18/20"], "Minnesota": [1161.266016783495, 0.22421242956139698, "04/16/20"], "Missouri": [3146.5843064538867, 0.3057889461012897, "04/13/20"], "Ohio": [5717.317304031532, 0.26843153449527524, "04/15/20"], "Guam": [134.93422928592355, 0.20914869946519304, "04/17/20"], "Maine": [640.12067829258, 0.2203950302451544, "04/17/20"], "Texas": [11646.26737972638, 0.24942364303001285, "04/18/20"], "Montana": [314.52711118235527, 0.3040106253682991, "04/10/20"], "Iowa": [1274.119289556855, 0.25448132308092336, "04/17/20"], "Utah": [2418.6988711728886, 0.2301069195852489, "04/19/20"], "Wyoming": [292.92427780661325, 0.2292148030784552, "04/18/20"], "North Carolina": [4006.9674666295377, 0.2363126602154927, "04/18/20"], "Hawaii": [596.0453660205371, 0.21902473089018748, "04/20/20"], "Arkansas": [1007.6439668378862, 0.2294264354542203, "04/15/20"], "Colorado": [7447.888082287736, 0.2239835420995092, "04/19/20"], "Louisiana": [23940.360223176704, 0.28380979168832954, "04/17/20"], "Kentucky": [1117.5399816533427, 0.2851097267360824, "04/12/20"], "Tennessee": [4195.564432471667, 0.2828945476224868, "04/12/20"], "South Dakota": [861.4629830199273, 0.2053767340516057, "04/28/20"], "Kansas": [1071.2558977894037, 0.2649117456475506, "04/15/20"], "South Carolina": [3044.438303142421, 0.2578538123178008, "04/16/20"], "Virginia": [4647.145661128096, 0.2559554663406961, "04/18/20"], "Wisconsin": [3013.894671660157, 0.23129118546045557, "04/16/20"], "Massachusetts": [16762.58539493814, 0.29962522958471055, "04/14/20"], "District of Columbia": [1914.5782400697078, 0.2318640451042543, "04/21/20"], "Pennsylvania": [20902.444762571686, 0.2845633892887033, "04/17/20"], "Indiana": [6329.52296635354, 0.3067761770634279, "04/14/20"], "Alaska": [169.10404484288193, 0.3639231812022774, "04/07/20"]}